INSERT INTO users (id, name, created_at, modified_at) VALUES (1, 'user1', '2025-04-17 16:03:30', '2025-04-17 16:03:30');
INSERT INTO users (id, name, created_at, modified_at) VALUES (2, 'user2', '2025-04-17 16:03:30', '2025-04-17 16:03:30');
INSERT INTO users (id, name, created_at, modified_at) VALUES (3, 'user3', '2025-04-17 16:03:30', '2025-04-17 16:03:30');
INSERT INTO users (id, name, created_at, modified_at) VALUES (4, 'user4', '2025-04-17 16:03:30', '2025-04-17 16:03:30');
INSERT INTO users (id, name, created_at, modified_at) VALUES (5, 'user5', '2025-04-17 16:03:30', '2025-04-17 16:03:30');
INSERT INTO product (id, name, price, stock, created_at, modified_at) VALUES (1, 'product1', 1000, 10, '2025-04-17 16:03:30', '2025-04-17 16:03:30');
INSERT INTO product (id, name, price, stock, created_at, modified_at) VALUES (2, 'product2', 2000, 20, '2025-04-17 16:03:30', '2025-04-17 16:03:30');
INSERT INTO product (id, name, price, stock, created_at, modified_at) VALUES (3, 'product3', 3000, 30, '2025-04-17 16:03:30', '2025-04-17 16:03:30');
INSERT INTO product (id, name, price, stock, created_at, modified_at) VALUES (4, 'product4', 4000, 40, '2025-04-17 16:03:30', '2025-04-17 16:03:30');
INSERT INTO product (id, name, price, stock, created_at, modified_at) VALUES (5, 'product5', 5000, 50, '2025-04-17 16:03:30', '2025-04-17 16:03:30');
INSERT INTO orders (id, order_amount, final_amount, order_date_time, created_at, modified_at, user_id, status) VALUES (1, 1000, 1000, '2025-04-17 16:03:30', NOW(), NOW(), 1, 'SUCCESS');
INSERT INTO orders (id, order_amount, final_amount, order_date_time, created_at, modified_at, user_id, status) VALUES (2, 2000, 2000, '2025-04-17 16:03:30', NOW(), NOW(), 2, 'SUCCESS');
INSERT INTO orders (id, order_amount, final_amount, order_date_time, created_at, modified_at, user_id, status) VALUES (3, 3000, 3000, '2025-04-17 16:03:30', NOW(), NOW(), 3, 'SUCCESS');
INSERT INTO orders (id, order_amount, final_amount, order_date_time, created_at, modified_at, user_id, status) VALUES (4, 4000, 4000, '2025-04-17 16:03:30', NOW(), NOW(), 4, 'SUCCESS');
INSERT INTO orders (id, order_amount, final_amount, order_date_time, created_at, modified_at, user_id, status) VALUES (5, 5000, 5000, '2025-04-17 16:03:30', NOW(), NOW(), 5, 'SUCCESS');
INSERT INTO order_product (id, price, quantity, order_id, product_id, name) VALUES (1, 1000, 1, 1, 1, 'product1');
INSERT INTO order_product (id, price, quantity, order_id, product_id, name) VALUES (2, 2000, 2, 2, 2, 'product2');
INSERT INTO order_product (id, price, quantity, order_id, product_id, name) VALUES (3, 3000, 3, 3, 3, 'product3');
INSERT INTO order_product (id, price, quantity, order_id, product_id, name) VALUES (4, 4000, 4, 4, 4, 'product4');
INSERT INTO order_product (id, price, quantity, order_id, product_id, name) VALUES (5, 5000, 5, 5, 5, 'product5');
INSERT INTO payment (id, total_amount, order_id, payment_date_time, status) VALUES (1, 1000, 1, NOW(), 'SUCCESS');
INSERT INTO payment (id, total_amount, order_id, payment_date_time, status) VALUES (2, 2000, 2, NOW(), 'SUCCESS');
INSERT INTO payment (id, total_amount, order_id, payment_date_time, status) VALUES (3, 3000, 3, NOW(), 'SUCCESS');
INSERT INTO payment (id, total_amount, order_id, payment_date_time, status) VALUES (4, 4000, 4, NOW(), 'SUCCESS');
INSERT INTO payment (id, total_amount, order_id, payment_date_time, status) VALUES (5, 5000, 5, NOW(), 'SUCCESS');